id,nimi,kaupunki,segmentti
1,Kaisa Laine,Espoo,Kuluttaja
2,Juha Hämäläinen,Oulu,Yritys
3,Olli Heikkinen,Jyväskylä,Kuluttaja
4,Liisa Heikkinen,Jyväskylä,Yritys
5,Kaisa Hämäläinen,Turku,Kuluttaja
6,Eero Heikkinen,Turku,Yritys
7,Eero Mäkinen,Tampere,Kuluttaja
8,Juha Virtanen,Oulu,Kuluttaja
9,Sanna Nieminen,Tampere,Kuluttaja
10,Pekka Koskinen,Oulu,Yritys
11,Mikko Heikkinen,Helsinki,Yritys
12,Olli Koskinen,Espoo,Kuluttaja
13,Kaisa Hämäläinen,Helsinki,Kuluttaja
14,Liisa Mäkelä,Turku,Kuluttaja
15,Liisa Heikkinen,Espoo,Kuluttaja
16,Pekka Virtanen,Turku,Kuluttaja
17,Pekka Laine,Oulu,Yritys
18,Liisa Mäkelä,Tampere,Kuluttaja
19,Sanna Mäkelä,Tampere,Yritys
20,Anni Korhonen,Tampere,Yritys
21,Sanna Laine,Tampere,Kuluttaja
22,Laura Virtanen,Oulu,Kuluttaja
23,Ville Järvinen,Tampere,Yritys
24,Sanna Mäkinen,Turku,Yritys
25,Maija Korhonen,Helsinki,Yritys
26,Emilia Järvinen,Helsinki,Kuluttaja
27,Anni Virtanen,Turku,Kuluttaja
28,Tuomas Nieminen,Helsinki,Yritys
29,Pekka Lehtonen,Espoo,Yritys
30,Sanna Korhonen,Oulu,Yritys
31,Mikko Korhonen,Espoo,Yritys
32,Eero Saarinen,Tampere,Kuluttaja
33,Pekka Mäkelä,Tampere,Kuluttaja
34,Sanna Koskinen,Jyväskylä,Yritys
35,Maija Heikkinen,Helsinki,Kuluttaja
36,Anni Mäkinen,Helsinki,Kuluttaja
37,Pekka Koskinen,Tampere,Yritys
38,Juha Koskinen,Tampere,Yritys
39,Sanna Mäkinen,Turku,Yritys
40,Olli Virtanen,Espoo,Yritys
41,Anni Mäkelä,Tampere,Kuluttaja
42,Ville Hämäläinen,Jyväskylä,Yritys
43,Eero Koskinen,Turku,Kuluttaja
44,Aino Mäkinen,Jyväskylä,Yritys
45,Eero Lehtonen,Oulu,Kuluttaja
46,Tuomas Saarinen,Jyväskylä,Kuluttaja
47,Maija Mäkelä,Tampere,Kuluttaja
48,Liisa Heikkinen,Turku,Kuluttaja
49,Liisa Nieminen,Jyväskylä,Yritys
50,Liisa Mäkinen,Tampere,Kuluttaja
51,Tuomas Nieminen,Espoo,Yritys
52,Eero Hämäläinen,Oulu,Kuluttaja
53,Maija Mäkelä,Espoo,Yritys
54,Eero Heikkinen,Helsinki,Kuluttaja
55,Maija Nieminen,Turku,Yritys
56,Kaisa Hämäläinen,Turku,Kuluttaja
57,Laura Hämäläinen,Helsinki,Kuluttaja
58,Mikko Heikkinen,Espoo,Kuluttaja
59,Laura Hämäläinen,Espoo,Kuluttaja
60,Maija Korhonen,Espoo,Kuluttaja
61,Ville Nieminen,Helsinki,Yritys
62,Laura Korhonen,Espoo,Kuluttaja
63,Tuomas Hämäläinen,Tampere,Kuluttaja
64,Ville Järvinen,Espoo,Yritys
65,Sanna Koskinen,Tampere,Yritys
66,Pekka Mäkelä,Helsinki,Kuluttaja
67,Eero Hämäläinen,Oulu,Kuluttaja
68,Aino Saarinen,Turku,Yritys
69,Kaisa Laine,Espoo,Yritys
70,Anni Heikkinen,Jyväskylä,Kuluttaja
71,Ville Saarinen,Helsinki,Yritys
72,Pekka Virtanen,Jyväskylä,Kuluttaja
73,Tuomas Hämäläinen,Oulu,Yritys
74,Anni Järvinen,Helsinki,Kuluttaja
75,Pekka Virtanen,Helsinki,Yritys
76,Emilia Nieminen,Oulu,Yritys
77,Sanna Mäkelä,Jyväskylä,Kuluttaja
78,Tuomas Korhonen,Oulu,Kuluttaja
79,Kaisa Lehtonen,Helsinki,Kuluttaja
80,Emilia Heikkinen,Tampere,Yritys
81,Olli Korhonen,Jyväskylä,Yritys
82,Juha Lehtonen,Tampere,Kuluttaja
83,Sanna Mäkinen,Turku,Kuluttaja
84,Anni Laine,Oulu,Kuluttaja
85,Juha Nieminen,Turku,Yritys
86,Laura Hämäläinen,Helsinki,Kuluttaja
87,Ville Koskinen,Tampere,Kuluttaja
88,Anni Mäkinen,Oulu,Kuluttaja
89,Aino Mäkelä,Tampere,Yritys
90,Tuomas Saarinen,Oulu,Yritys
91,Ville Nieminen,Helsinki,Yritys
92,Eero Virtanen,Espoo,Yritys
93,Olli Mäkelä,Espoo,Yritys
94,Sanna Mäkelä,Turku,Yritys
95,Pekka Järvinen,Espoo,Kuluttaja
96,Ville Mäkinen,Oulu,Kuluttaja
97,Maija Mäkinen,Helsinki,Kuluttaja
98,Ville Mäkelä,Jyväskylä,Kuluttaja
99,Maija Mäkinen,Espoo,Yritys
100,Laura Nieminen,Oulu,Kuluttaja
101,Pekka Koskinen,Jyväskylä,Kuluttaja
102,Kaisa Koskinen,Tampere,Kuluttaja
103,Kaisa Heikkinen,Tampere,Yritys
104,Pekka Lehtonen,Tampere,Yritys
105,Emilia Mäkinen,Turku,Yritys
106,Eero Laine,Tampere,Yritys
107,Emilia Lehtonen,Espoo,Kuluttaja
108,Aino Heikkinen,Oulu,Yritys
109,Ville Mäkelä,Espoo,Kuluttaja
110,Tuomas Laine,Helsinki,Yritys
111,Emilia Hämäläinen,Helsinki,Kuluttaja
112,Olli Mäkelä,Oulu,Kuluttaja
113,Emilia Hämäläinen,Turku,Yritys
114,Aino Heikkinen,Helsinki,Kuluttaja
115,Liisa Järvinen,Oulu,Kuluttaja
116,Maija Heikkinen,Jyväskylä,Yritys
117,Kaisa Nieminen,Helsinki,Kuluttaja
118,Sanna Koskinen,Helsinki,Yritys
119,Olli Saarinen,Tampere,Kuluttaja
120,Pekka Laine,Helsinki,Kuluttaja
121,Liisa Koskinen,Espoo,Yritys
122,Anni Mäkelä,Tampere,Kuluttaja
123,Eero Nieminen,Turku,Kuluttaja
124,Kaisa Saarinen,Turku,Kuluttaja
125,Juha Korhonen,Turku,Kuluttaja
126,Tuomas Nieminen,Turku,Kuluttaja
127,Maija Koskinen,Turku,Kuluttaja
128,Emilia Heikkinen,Jyväskylä,Yritys
129,Mikko Järvinen,Oulu,Kuluttaja
130,Liisa Lehtonen,Tampere,Yritys
131,Aino Mäkelä,Jyväskylä,Kuluttaja
132,Pekka Järvinen,Oulu,Yritys
133,Juha Hämäläinen,Tampere,Kuluttaja
134,Kaisa Nieminen,Tampere,Yritys
135,Sanna Nieminen,Oulu,Kuluttaja
136,Aino Mäkinen,Tampere,Kuluttaja
137,Liisa Järvinen,Oulu,Yritys
138,Aino Nieminen,Jyväskylä,Yritys
139,Anni Koskinen,Oulu,Yritys
140,Mikko Heikkinen,Oulu,Yritys
141,Laura Lehtonen,Oulu,Yritys
142,Anni Mäkelä,Jyväskylä,Kuluttaja
143,Aino Virtanen,Espoo,Kuluttaja
144,Ville Korhonen,Oulu,Kuluttaja
145,Juha Lehtonen,Turku,Kuluttaja
146,Aino Saarinen,Jyväskylä,Kuluttaja
147,Kaisa Koskinen,Oulu,Yritys
148,Emilia Lehtonen,Jyväskylä,Yritys
149,Juha Virtanen,Tampere,Yritys
150,Olli Heikkinen,Espoo,Kuluttaja
151,Laura Koskinen,Espoo,Kuluttaja
152,Juha Hämäläinen,Oulu,Yritys
153,Aino Mäkinen,Jyväskylä,Yritys
154,Mikko Nieminen,Jyväskylä,Kuluttaja
155,Pekka Virtanen,Tampere,Kuluttaja
156,Maija Järvinen,Turku,Yritys
157,Juha Heikkinen,Tampere,Yritys
158,Kaisa Saarinen,Oulu,Kuluttaja
159,Juha Mäkelä,Jyväskylä,Yritys
160,Liisa Laine,Tampere,Yritys
161,Mikko Koskinen,Turku,Yritys
162,Maija Heikkinen,Tampere,Kuluttaja
163,Liisa Laine,Oulu,Yritys
164,Mikko Koskinen,Tampere,Kuluttaja
165,Juha Virtanen,Helsinki,Kuluttaja
166,Olli Laine,Espoo,Kuluttaja
167,Emilia Nieminen,Espoo,Yritys
168,Olli Heikkinen,Espoo,Kuluttaja
169,Eero Saarinen,Oulu,Yritys
170,Tuomas Järvinen,Tampere,Yritys
171,Maija Järvinen,Oulu,Yritys
172,Juha Hämäläinen,Tampere,Yritys
173,Pekka Mäkelä,Tampere,Yritys
174,Juha Mäkinen,Turku,Yritys
175,Ville Järvinen,Turku,Kuluttaja
176,Mikko Mäkelä,Tampere,Kuluttaja
177,Olli Järvinen,Oulu,Yritys
178,Tuomas Lehtonen,Turku,Kuluttaja
179,Mikko Hämäläinen,Turku,Kuluttaja
180,Emilia Mäkinen,Tampere,Yritys
181,Olli Korhonen,Oulu,Kuluttaja
182,Mikko Nieminen,Oulu,Kuluttaja
183,Juha Järvinen,Espoo,Yritys
184,Maija Mäkinen,Espoo,Kuluttaja
185,Eero Saarinen,Helsinki,Yritys
186,Juha Lehtonen,Tampere,Kuluttaja
187,Pekka Heikkinen,Espoo,Yritys
188,Eero Laine,Jyväskylä,Yritys
189,Aino Saarinen,Jyväskylä,Yritys
190,Aino Mäkelä,Espoo,Kuluttaja
191,Juha Korhonen,Jyväskylä,Yritys
192,Laura Laine,Helsinki,Yritys
193,Anni Hämäläinen,Espoo,Yritys
194,Kaisa Hämäläinen,Helsinki,Kuluttaja
195,Sanna Lehtonen,Turku,Yritys
196,Aino Heikkinen,Oulu,Yritys
197,Ville Hämäläinen,Oulu,Kuluttaja
198,Ville Laine,Espoo,Yritys
199,Laura Heikkinen,Turku,Yritys
200,Aino Virtanen,Jyväskylä,Yritys
