tilaus_id,asiakas_id,pvm,summa
5001,61,2025-12-20,173.57
5002,133,2025-10-14,476.49
5003,7,2025-07-28,528.34
5004,9,2025-03-28,533.30
5005,22,2025-06-24,160.64
5006,116,2025-04-12,81.57
5007,4,2025-11-22,400.19
5008,7,2025-01-13,395.79
5009,148,2025-05-23,317.25
5010,95,2025-06-08,448.86
5011,145,2025-02-22,354.30
5012,78,2025-03-23,179.78
5013,137,2025-09-01,366.25
5014,114,2025-10-29,588.31
5015,55,2025-09-04,287.60
5016,40,2025-05-29,426.29
5017,98,2025-02-11,519.79
5018,143,2025-01-16,266.25
5019,59,2025-09-22,404.59
5020,132,2025-06-16,580.62
5021,115,2025-04-07,204.12
5022,259,2025-10-30,367.87
5023,181,2025-02-07,245.92
5024,39,2025-11-02,490.23
5025,57,2025-05-03,520.24
5026,120,2025-01-31,262.14
5027,100,2025-09-03,122.06
5028,190,2025-01-23,215.87
5029,26,2025-02-10,421.18
5030,169,2025-01-31,28.14
5031,46,2025-10-29,441.42
5032,161,2025-02-04,132.15
5033,175,2025-03-31,355.47
5034,128,2025-05-29,413.15
5035,101,2025-12-26,55.28
5036,32,2025-10-18,559.73
5037,12,2025-11-14,158.40
5038,76,2025-09-04,228.85
5039,15,2025-02-14,75.85
5040,32,2025-03-31,303.45
5041,225,2025-10-19,176.26
5042,155,2025-01-06,77.22
5043,188,2025-09-30,122.18
5044,119,2025-10-23,540.11
5045,177,2025-05-22,429.07
5046,165,2025-02-01,460.95
5047,66,2025-11-08,132.95
5048,83,2025-02-22,522.31
5049,57,2025-10-02,141.09
5050,83,2025-03-21,59.12
5051,75,2025-12-27,404.75
5052,118,2025-07-09,137.04
5053,101,2025-08-26,56.25
5054,91,2025-12-28,440.30
5055,158,2025-05-25,33.92
5056,151,2025-05-12,305.22
5057,88,2025-08-15,135.94
5058,44,2025-09-24,405.46
5059,81,2025-09-07,120.36
5060,168,2025-12-03,36.56
5061,197,2025-12-15,113.68
5062,109,2025-07-04,154.34
5063,188,2025-12-18,254.61
5064,13,2025-05-26,272.09
5065,199,2025-10-20,128.87
5066,134,2025-08-09,102.14
5067,172,2025-11-23,139.10
5068,35,2025-03-21,498.75
5069,29,2025-09-03,225.14
5070,72,2025-11-27,464.95
5071,118,2025-03-24,215.47
5072,87,2025-11-05,104.80
5073,67,2025-02-15,182.01
5074,195,2025-02-02,215.36
5075,148,2025-06-17,186.58
5076,51,2025-01-07,296.88
5077,148,2025-09-13,354.99
5078,170,2025-10-29,31.93
5079,4,2025-11-29,40.00
5080,12,2025-04-03,99.09
5081,42,2025-11-05,312.28
5082,159,2025-03-06,192.02
5083,63,2025-01-28,44.27
5084,240,2025-02-10,68.61
5085,60,2025-12-05,433.51
5086,67,2025-04-03,522.62
5087,151,2025-04-21,21.14
5088,41,2025-07-26,69.68
5089,21,2025-04-14,263.16
5090,167,2025-02-08,327.14
5091,173,2025-08-25,281.76
5092,101,2025-03-31,394.35
5093,105,2025-10-04,435.91
5094,139,2025-08-15,248.13
5095,185,2025-10-22,229.98
5096,170,2025-12-03,318.06
5097,141,2025-12-17,444.05
5098,114,2025-04-05,491.34
5099,5,2025-07-28,401.59
5100,189,2025-08-03,281.77
5101,201,2025-03-19,98.60
5102,175,2025-03-11,425.77
5103,113,2025-10-26,405.65
5104,173,2025-10-24,594.07
5105,102,2025-02-06,355.14
5106,102,2025-02-16,198.45
5107,60,2025-10-02,338.55
5108,127,2025-11-14,457.16
5109,112,2025-11-13,516.02
5110,120,2025-01-23,465.25
5111,156,2025-06-15,192.99
5112,193,2025-07-24,446.16
5113,107,2025-10-13,241.65
5114,140,2025-02-01,451.06
5115,58,2025-03-10,18.72
5116,16,2025-07-20,577.73
5117,27,2025-08-24,91.92
5118,131,2025-05-23,557.37
5119,116,2025-10-27,262.72
5120,105,2025-06-01,154.65
5121,47,2025-11-10,399.05
5122,40,2025-05-03,89.98
5123,117,2025-04-21,555.05
5124,1,2025-09-30,309.40
5125,21,2025-01-10,132.65
5126,49,2025-01-24,144.11
5127,8,2025-06-02,435.21
5128,137,2025-02-09,478.10
5129,176,2025-11-22,174.04
5130,129,2025-06-16,584.92
5131,25,2025-02-02,576.86
5132,103,2025-12-09,216.63
5133,92,2025-06-08,480.76
5134,25,2025-01-13,150.70
5135,89,2025-07-31,45.59
5136,155,2025-07-01,455.86
5137,108,2025-07-20,437.36
5138,161,2025-02-27,266.39
5139,162,2025-06-11,40.80
5140,158,2025-05-27,131.98
5141,40,2025-06-16,245.21
5142,178,2025-03-27,597.49
5143,27,2025-08-14,396.97
5144,66,2025-07-21,420.49
5145,174,2025-11-15,359.16
5146,234,2025-10-27,377.47
5147,87,2025-02-02,284.00
5148,245,2025-03-18,18.78
5149,170,2025-09-24,146.57
5150,128,2025-01-21,483.78
5151,162,2025-12-06,366.27
5152,3,2025-09-26,458.95
5153,46,2025-03-16,195.65
5154,259,2025-06-16,88.52
5155,96,2025-07-11,193.43
5156,200,2025-07-01,35.14
5157,50,2025-12-14,419.75
5158,28,2025-09-21,351.67
5159,1,2025-06-09,563.38
5160,189,2025-06-27,208.89
5161,119,2025-05-15,554.01
5162,180,2025-10-29,462.91
5163,24,2025-02-27,330.96
5164,247,2025-03-02,245.29
5165,65,2025-12-11,54.89
5166,55,2025-10-18,32.36
5167,109,2025-05-04,536.39
5168,23,2025-09-05,17.45
5169,68,2025-02-22,427.31
5170,149,2025-06-14,214.14
5171,81,2025-05-11,467.80
5172,200,2025-07-01,469.18
5173,183,2025-04-04,179.23
5174,140,2025-09-25,589.77
5175,182,2025-05-02,168.24
5176,146,2025-06-09,103.43
5177,3,2025-10-27,144.65
5178,100,2025-06-05,381.92
5179,65,2025-03-22,437.25
5180,156,2025-03-27,58.22
5181,53,2025-09-25,402.43
5182,109,2025-10-13,567.17
5183,32,2025-08-09,354.02
5184,51,2025-12-29,557.59
5185,216,2025-06-14,99.97
5186,149,2025-03-19,387.97
5187,123,2025-04-25,508.73
5188,73,2025-12-05,215.16
5189,44,2025-08-29,282.71
5190,17,2025-05-19,262.74
5191,138,2025-05-19,486.38
5192,126,2025-07-11,585.08
5193,37,2025-11-06,401.25
5194,152,2025-06-20,253.91
5195,161,2025-03-18,366.27
5196,38,2025-12-24,559.68
5197,30,2025-12-06,106.69
5198,214,2025-08-14,550.17
5199,135,2025-03-22,267.62
5200,42,2025-01-30,558.19
5201,160,2025-04-09,280.45
5202,183,2025-10-07,470.76
5203,17,2025-04-01,219.19
5204,59,2025-01-18,587.52
5205,138,2025-12-17,73.51
5206,87,2025-05-01,309.28
5207,175,2025-08-13,574.13
5208,65,2025-02-11,536.85
5209,153,2025-08-18,375.13
5210,179,2025-05-30,590.26
5211,89,2025-02-22,544.62
5212,173,2025-11-20,130.61
5213,111,2025-06-23,486.10
5214,108,2025-11-09,500.57
5215,118,2025-05-01,349.47
5216,113,2025-03-30,129.18
5217,95,2025-01-29,122.76
5218,136,2025-01-21,40.63
5219,23,2025-08-15,522.49
5220,30,2025-06-21,27.61
5221,131,2025-02-17,320.03
5222,118,2025-09-05,555.13
5223,190,2025-08-31,411.06
5224,129,2025-09-03,302.89
5225,23,2025-12-24,81.41
5226,176,2025-12-10,453.99
5227,44,2025-04-28,365.72
5228,153,2025-08-10,456.09
5229,35,2025-04-10,158.90
5230,8,2025-12-17,145.64
5231,168,2025-09-09,372.29
5232,102,2025-07-09,190.49
5233,39,2025-02-03,104.15
5234,53,2025-03-17,455.04
5235,246,2025-03-11,275.95
5236,61,2025-04-29,476.51
5237,133,2025-07-30,528.50
5238,180,2025-04-15,326.22
5239,24,2025-08-11,424.84
5240,12,2025-01-28,463.05
5241,152,2025-07-29,520.90
5242,87,2025-05-22,68.98
5243,166,2025-07-30,584.33
5244,33,2025-01-20,452.38
5245,170,2025-08-05,198.80
5246,19,2025-11-28,367.67
5247,2,2025-11-09,316.84
5248,90,2025-08-11,105.22
5249,139,2025-11-06,541.18
5250,120,2025-11-02,122.82
5251,18,2025-09-04,366.90
5252,112,2025-09-12,276.02
5253,129,2025-07-30,371.81
5254,88,2025-11-06,399.45
5255,46,2025-07-20,392.93
5256,65,2025-03-12,481.24
5257,194,2025-08-13,46.73
5258,157,2025-07-20,72.57
5259,9,2025-04-03,461.13
5260,8,2025-08-30,527.03
5261,36,2025-12-20,589.82
5262,37,2025-05-24,583.03
5263,138,2025-02-20,378.00
5264,58,2025-05-22,342.68
5265,220,2025-10-27,212.87
5266,177,2025-05-03,355.12
5267,1,2025-11-09,299.98
5268,178,2025-09-27,331.49
5269,100,2025-02-21,175.78
5270,185,2025-03-11,198.99
5271,191,2025-02-26,398.14
5272,121,2025-01-13,69.56
5273,54,2025-01-18,80.48
5274,180,2025-09-19,142.42
5275,57,2025-10-28,418.28
5276,36,2025-10-30,499.15
5277,3,2025-10-16,380.66
5278,167,2025-07-16,229.62
5279,121,2025-06-21,295.88
5280,112,2025-12-14,412.19
5281,166,2025-01-27,175.54
5282,96,2025-11-10,408.39
5283,98,2025-08-11,131.31
5284,69,2025-11-19,394.01
5285,145,2025-12-25,93.42
5286,171,2025-06-09,582.25
5287,96,2025-07-12,400.37
5288,164,2025-01-08,265.36
5289,196,2025-01-19,238.73
5290,171,2025-08-16,257.45
5291,9,2025-03-06,568.28
5292,90,2025-02-01,381.92
5293,96,2025-12-12,398.54
5294,67,2025-10-18,164.12
5295,119,2025-02-11,182.06
5296,132,2025-07-19,307.93
5297,169,2025-03-25,579.50
5298,192,2025-07-30,38.47
5299,143,2025-08-26,360.85
5300,155,2025-10-27,295.21
5301,107,2025-01-11,589.68
5302,71,2025-10-30,273.22
5303,184,2025-01-09,536.33
5304,101,2025-05-18,264.44
5305,243,2025-05-30,78.91
5306,129,2025-02-13,507.40
5307,192,2025-07-02,316.52
5308,61,2025-08-13,449.47
5309,122,2025-05-23,384.81
5310,98,2025-05-13,424.74
5311,220,2025-06-06,186.01
5312,1,2025-02-19,199.69
5313,61,2025-11-28,352.70
5314,89,2025-03-06,331.86
5315,255,2025-03-06,96.46
5316,172,2025-11-19,476.80
5317,68,2025-12-04,379.94
5318,50,2025-07-26,161.89
5319,142,2025-05-09,454.33
5320,198,2025-06-07,26.95
5321,190,2025-04-24,481.92
5322,133,2025-02-13,440.15
5323,103,2025-12-06,98.96
5324,190,2025-02-19,292.43
5325,136,2025-03-06,551.13
5326,67,2025-10-18,352.87
5327,217,2025-02-04,482.50
5328,157,2025-12-01,133.30
5329,172,2025-03-31,194.55
5330,107,2025-08-29,546.55
5331,49,2025-11-06,191.87
5332,26,2025-12-12,343.75
5333,110,2025-12-26,486.04
5334,89,2025-12-09,304.11
5335,70,2025-05-08,148.26
5336,19,2025-08-06,256.89
5337,247,2025-06-25,85.11
5338,187,2025-03-27,499.89
5339,8,2025-11-21,113.87
5340,24,2025-04-14,63.14
5341,90,2025-10-11,435.52
5342,170,2025-06-18,423.55
5343,157,2025-02-08,381.04
5344,75,2025-04-27,315.55
5345,50,2025-10-11,278.33
5346,165,2025-12-26,357.82
5347,150,2025-04-16,341.31
5348,97,2025-04-20,112.66
5349,55,2025-04-17,491.25
5350,181,2025-06-17,177.07
5351,178,2025-02-06,487.16
5352,194,2025-04-03,581.40
5353,94,2025-12-18,174.84
5354,59,2025-10-24,470.46
5355,65,2025-10-24,597.86
5356,169,2025-08-23,340.51
5357,55,2025-02-05,432.51
5358,129,2025-06-11,298.96
5359,26,2025-09-07,93.10
5360,140,2025-03-10,292.21
5361,49,2025-11-07,339.47
5362,129,2025-05-15,360.87
5363,35,2025-10-24,267.66
5364,6,2025-07-14,226.88
5365,183,2025-03-06,277.36
5366,191,2025-09-11,513.98
5367,18,2025-09-16,535.13
5368,129,2025-12-08,215.41
5369,29,2025-02-03,522.44
5370,124,2025-02-25,266.27
5371,28,2025-05-01,36.72
5372,69,2025-03-29,524.77
5373,161,2025-02-14,384.95
5374,167,2025-08-04,129.63
5375,235,2025-02-12,83.64
5376,199,2025-06-22,150.87
5377,62,2025-05-08,387.66
5378,131,2025-12-19,418.27
5379,101,2025-03-03,88.96
5380,149,2025-10-02,583.30
5381,114,2025-12-03,444.76
5382,50,2025-02-12,412.58
5383,4,2025-08-12,409.05
5384,90,2025-12-28,67.77
5385,43,2025-03-05,540.83
5386,183,2025-10-16,461.68
5387,53,2025-05-30,196.68
5388,5,2025-06-25,269.31
5389,108,2025-01-09,146.76
5390,24,2025-12-12,62.92
5391,105,2025-10-11,448.50
5392,124,2025-05-03,176.92
5393,88,2025-07-23,93.23
5394,164,2025-07-25,55.12
5395,36,2025-11-19,330.78
5396,158,2025-11-13,512.03
5397,222,2025-08-14,516.58
5398,119,2025-12-11,219.51
5399,49,2025-03-16,333.06
5400,71,2025-05-17,138.80
5401,93,2025-09-25,19.28
5402,174,2025-06-25,285.60
5403,198,2025-05-07,514.61
5404,89,2025-02-23,102.05
5405,165,2025-06-19,399.64
5406,80,2025-12-31,212.40
5407,32,2025-04-24,102.14
5408,62,2025-03-23,272.74
5409,171,2025-10-23,506.98
5410,109,2025-08-31,511.12
5411,135,2025-03-23,317.76
5412,177,2025-09-03,522.99
5413,135,2025-07-02,239.62
5414,36,2025-12-20,195.00
5415,245,2025-04-13,280.63
5416,25,2025-07-28,240.22
5417,69,2025-08-06,328.01
5418,21,2025-12-05,77.00
5419,149,2025-12-06,326.14
5420,194,2025-05-25,385.87
5421,143,2025-07-31,51.50
5422,91,2025-06-30,356.97
5423,3,2025-08-20,417.00
5424,90,2025-10-09,193.24
5425,89,2025-06-02,467.05
5426,137,2025-10-08,120.97
5427,152,2025-10-06,275.19
5428,12,2025-07-03,572.82
5429,154,2025-01-07,174.39
5430,22,2025-03-20,180.40
5431,169,2025-03-11,149.03
5432,100,2025-03-11,242.62
5433,22,2025-10-27,481.91
5434,153,2025-07-26,17.71
5435,12,2025-12-25,179.52
5436,124,2025-12-18,398.73
5437,119,2025-09-16,265.38
5438,52,2025-11-21,126.37
5439,123,2025-10-27,124.11
5440,9,2025-12-23,83.51
5441,152,2025-06-24,404.83
5442,211,2025-11-11,266.74
5443,185,2025-07-27,57.98
5444,139,2025-01-27,156.99
5445,131,2025-12-01,273.03
5446,32,2025-11-02,479.08
5447,35,2025-12-27,265.97
5448,59,2025-05-04,530.75
5449,86,2025-01-13,356.19
5450,147,2025-10-30,335.38
5451,35,2025-10-18,267.37
5452,186,2025-10-17,421.54
5453,179,2025-09-10,378.44
5454,6,2025-03-29,457.66
5455,159,2025-02-14,359.90
5456,47,2025-02-07,230.91
5457,166,2025-07-03,545.22
5458,183,2025-06-12,95.36
5459,150,2025-11-27,412.13
5460,46,2025-08-10,175.91
5461,170,2025-03-26,416.61
5462,128,2025-12-19,566.78
5463,29,2025-05-18,23.16
5464,38,2025-10-27,430.86
5465,139,2025-06-24,227.77
5466,34,2025-04-20,584.22
5467,46,2025-08-19,170.39
5468,56,2025-11-24,67.10
5469,36,2025-03-15,56.62
5470,159,2025-11-12,309.77
5471,180,2025-01-05,229.02
5472,194,2025-04-24,518.88
5473,166,2025-04-19,124.57
5474,114,2025-10-26,26.50
5475,183,2025-03-24,95.92
5476,80,2025-12-01,83.83
5477,80,2025-08-21,25.15
5478,85,2025-08-03,192.50
5479,150,2025-02-08,254.35
5480,195,2025-06-06,457.26
5481,23,2025-09-19,501.88
5482,81,2025-06-27,148.42
5483,148,2025-10-07,529.96
5484,119,2025-08-26,172.26
5485,53,2025-08-01,161.26
5486,61,2025-08-31,309.12
5487,51,2025-02-09,207.79
5488,44,2025-09-23,251.74
5489,30,2025-06-08,263.29
5490,95,2025-01-06,229.72
5491,182,2025-08-18,395.79
5492,139,2025-03-30,441.20
5493,114,2025-03-31,145.70
5494,200,2025-06-12,369.93
5495,105,2025-02-05,183.76
5496,187,2025-08-10,183.56
5497,191,2025-08-11,341.24
5498,85,2025-06-25,23.48
5499,166,2025-01-21,568.75
5500,157,2025-02-21,403.98
5501,8,2025-12-01,81.71
5502,26,2025-02-06,351.93
5503,40,2025-10-07,485.66
5504,174,2025-12-14,454.50
5505,36,2025-11-30,207.73
5506,178,2025-09-03,97.10
5507,195,2025-04-08,333.67
5508,123,2025-03-04,357.47
5509,91,2025-10-25,236.55
5510,42,2025-06-10,63.69
5511,235,2025-10-26,20.29
5512,211,2025-08-02,165.46
5513,185,2025-01-19,168.66
5514,169,2025-12-23,486.07
5515,129,2025-12-09,67.45
5516,198,2025-06-14,516.29
5517,88,2025-01-01,164.23
5518,1,2025-03-27,396.83
5519,200,2025-05-28,119.52
5520,118,2025-07-07,591.51
5521,170,2025-04-12,511.81
5522,106,2025-11-04,427.46
5523,255,2025-12-31,441.77
5524,169,2025-03-29,334.56
5525,88,2025-11-21,341.42
5526,77,2025-02-16,97.71
5527,11,2025-06-19,304.40
5528,87,2025-08-03,50.43
5529,122,2025-10-14,305.92
5530,40,2025-03-04,214.32
5531,32,2025-06-01,180.29
5532,56,2025-03-12,290.85
5533,31,2025-03-04,26.79
5534,32,2025-03-15,285.29
5535,112,2025-05-19,255.09
5536,166,2025-09-23,350.74
5537,123,2025-05-01,516.92
5538,67,2025-12-17,49.47
5539,82,2025-09-13,488.40
5540,105,2025-05-03,495.02
5541,242,2025-08-01,418.21
5542,167,2025-11-08,334.63
5543,60,2025-10-06,91.76
5544,21,2025-12-10,76.91
5545,12,2025-01-24,251.15
5546,36,2025-04-28,512.87
5547,196,2025-12-19,521.54
5548,49,2025-03-14,421.27
5549,133,2025-10-06,256.96
5550,172,2025-08-22,36.75
5551,162,2025-05-25,450.97
5552,106,2025-10-30,560.47
5553,130,2025-02-10,146.43
5554,11,2025-11-04,406.78
5555,1,2025-07-30,292.54
5556,7,2025-10-17,199.20
5557,220,2025-07-20,181.45
5558,48,2025-10-10,306.49
5559,32,2025-12-16,35.94
5560,79,2025-03-23,202.48
5561,150,2025-09-04,385.93
5562,20,2025-10-02,289.08
5563,100,2025-03-18,34.36
5564,98,2025-01-08,355.19
5565,50,2025-07-27,371.06
5566,39,2025-02-21,202.63
5567,22,2025-07-13,527.00
5568,75,2025-01-04,78.25
5569,97,2025-01-04,27.71
5570,130,2025-07-01,488.45
5571,78,2025-09-17,163.74
5572,39,2025-06-12,92.29
5573,143,2025-06-25,521.68
5574,39,2025-10-05,113.93
5575,130,2025-02-11,48.37
5576,89,2025-07-01,341.29
5577,143,2025-05-10,123.62
5578,122,2025-11-06,171.51
5579,17,2025-07-16,163.72
5580,28,2025-05-05,45.80
5581,94,2025-05-20,148.44
5582,147,2025-10-10,109.92
5583,108,2025-11-04,270.61
5584,114,2025-06-17,533.42
5585,198,2025-09-05,289.46
5586,193,2025-01-03,420.72
5587,12,2025-09-08,185.94
5588,185,2025-02-07,525.95
5589,96,2025-04-11,507.38
5590,70,2025-06-30,487.40
5591,158,2025-04-12,401.44
5592,104,2025-01-11,438.29
5593,166,2025-01-27,434.76
5594,70,2025-07-23,460.80
5595,126,2025-10-18,373.78
5596,172,2025-03-07,251.17
5597,184,2025-11-01,383.46
5598,80,2025-07-06,582.46
5599,73,2025-12-18,87.79
5600,3,2025-04-07,143.05
5601,182,2025-05-10,344.80
5602,91,2025-11-12,67.76
5603,62,2025-01-25,456.20
5604,182,2025-04-29,380.97
5605,133,2025-03-29,598.64
5606,118,2025-11-27,257.18
5607,117,2025-11-20,490.09
5608,157,2025-06-07,319.76
5609,119,2025-10-02,288.66
5610,106,2025-04-03,127.31
5611,142,2025-04-24,395.00
5612,5,2025-06-23,259.65
5613,109,2025-06-05,476.27
5614,180,2025-02-23,496.90
5615,15,2025-09-29,69.62
5616,66,2025-06-24,496.20
5617,145,2025-09-21,312.72
5618,6,2025-03-14,44.69
5619,62,2025-10-03,196.71
5620,44,2025-01-05,535.84
5621,168,2025-03-07,523.12
5622,156,2025-06-24,138.66
5623,117,2025-07-07,596.49
5624,13,2025-08-16,545.52
5625,193,2025-01-27,439.94
5626,80,2025-12-05,357.81
5627,75,2025-04-05,564.32
5628,40,2025-08-26,486.62
5629,143,2025-11-16,431.76
5630,90,2025-04-06,190.17
5631,30,2025-06-01,57.27
5632,39,2025-01-27,135.88
5633,87,2025-03-09,466.13
5634,70,2025-11-03,64.93
5635,9,2025-05-26,44.34
5636,128,2025-10-22,226.33
5637,124,2025-12-22,244.45
5638,72,2025-03-17,268.40
5639,105,2025-08-19,149.82
5640,62,2025-05-21,68.01
5641,50,2025-10-21,254.85
5642,132,2025-05-12,103.06
5643,160,2025-10-19,357.60
5644,44,2025-11-08,575.95
5645,165,2025-09-15,274.21
5646,75,2025-11-19,385.58
5647,14,2025-07-10,251.17
5648,193,2025-07-12,537.56
5649,106,2025-09-19,400.51
5650,85,2025-10-16,524.27
5651,11,2025-10-16,210.17
5652,145,2025-09-08,396.89
5653,231,2025-07-19,238.95
5654,87,2025-09-25,365.86
5655,139,2025-05-21,31.03
5656,92,2025-10-03,109.88
5657,72,2025-08-25,98.14
5658,172,2025-12-23,18.08
5659,92,2025-12-04,65.30
5660,156,2025-05-09,300.40
5661,180,2025-01-20,50.59
5662,128,2025-07-08,578.06
5663,173,2025-03-24,308.91
5664,114,2025-03-30,414.35
5665,73,2025-12-09,458.34
5666,175,2025-10-19,472.61
5667,194,2025-01-16,215.38
5668,176,2025-09-24,39.09
5669,98,2025-09-30,347.06
5670,12,2025-05-27,370.30
5671,110,2025-03-08,184.49
5672,129,2025-09-29,253.22
5673,119,2025-01-10,328.31
5674,55,2025-12-13,71.54
5675,57,2025-01-15,257.77
5676,72,2025-08-10,536.38
5677,78,2025-01-30,571.76
5678,165,2025-09-27,431.70
5679,193,2025-09-02,352.58
5680,107,2025-09-14,88.00
5681,63,2025-04-07,208.89
5682,23,2025-10-18,453.70
5683,182,2025-10-08,185.21
5684,49,2025-10-08,404.82
5685,58,2025-06-14,311.14
5686,124,2025-04-22,400.36
5687,68,2025-02-15,327.81
5688,199,2025-07-25,379.20
5689,140,2025-11-21,159.51
5690,130,2025-04-25,352.73
5691,42,2025-11-17,469.06
5692,161,2025-04-05,482.18
5693,73,2025-02-23,263.54
5694,82,2025-09-19,569.41
5695,151,2025-04-05,112.29
5696,78,2025-06-19,539.95
5697,119,2025-10-13,371.15
5698,243,2025-02-25,464.57
5699,26,2025-01-17,162.50
5700,65,2025-08-05,57.56
5701,133,2025-01-30,542.93
5702,105,2025-09-15,586.92
5703,131,2025-11-22,576.22
5704,4,2025-09-29,372.38
5705,34,2025-01-07,563.44
5706,171,2025-05-23,503.92
5707,150,2025-08-24,131.20
5708,128,2025-07-07,371.51
5709,130,2025-07-09,184.78
5710,8,2025-04-27,88.67
5711,95,2025-12-05,594.63
5712,88,2025-05-13,241.10
5713,83,2025-02-08,361.80
5714,237,2025-02-26,570.91
5715,62,2025-08-12,492.06
5716,127,2025-04-27,60.63
5717,158,2025-11-24,357.70
5718,125,2025-09-23,317.49
5719,28,2025-03-31,537.04
5720,48,2025-08-23,252.64
5721,14,2025-03-05,158.59
5722,14,2025-05-10,168.36
5723,24,2025-08-11,565.08
5724,180,2025-11-03,302.24
5725,149,2025-06-19,24.73
5726,144,2025-03-09,445.78
5727,108,2025-08-16,524.45
5728,11,2025-12-05,369.19
5729,137,2025-01-12,122.56
5730,198,2025-05-08,234.65
5731,168,2025-06-19,46.70
5732,1,2025-07-18,261.10
5733,119,2025-12-05,424.42
5734,5,2025-05-20,372.27
5735,149,2025-05-09,457.70
5736,184,2025-01-08,310.09
5737,173,2025-03-25,587.80
5738,37,2025-11-13,30.49
5739,213,2025-06-14,96.88
5740,179,2025-10-23,351.27
5741,191,2025-01-01,225.50
5742,170,2025-12-29,254.01
5743,195,2025-09-07,502.70
5744,53,2025-12-03,371.95
5745,175,2025-07-24,56.71
5746,142,2025-09-09,439.90
5747,198,2025-07-05,226.58
5748,144,2025-12-21,362.15
5749,126,2025-12-10,75.83
5750,31,2025-09-28,382.13
5751,89,2025-05-02,472.01
5752,158,2025-08-30,403.18
5753,197,2025-08-04,388.61
5754,61,2025-01-03,356.58
5755,193,2025-06-07,542.16
5756,100,2025-03-19,40.53
5757,61,2025-11-11,127.04
5758,92,2025-04-18,94.27
5759,58,2025-04-17,350.58
5760,19,2025-04-06,519.25
5761,18,2025-12-09,558.62
5762,194,2025-11-03,333.20
5763,103,2025-04-01,400.79
5764,151,2025-06-06,447.98
5765,181,2025-06-29,561.45
5766,18,2025-08-25,202.63
5767,161,2025-03-26,304.71
5768,84,2025-03-11,583.80
5769,167,2025-04-29,116.56
5770,46,2025-08-24,522.56
5771,35,2025-03-17,21.57
5772,45,2025-10-17,567.93
5773,175,2025-04-27,466.91
5774,236,2025-12-24,33.05
5775,167,2025-04-05,345.96
5776,104,2025-03-27,359.18
5777,184,2025-02-28,202.54
5778,148,2025-12-15,417.89
5779,101,2025-10-15,256.50
5780,136,2025-02-02,306.17
5781,5,2025-01-21,121.98
5782,17,2025-05-31,319.92
5783,74,2025-10-02,220.30
5784,65,2025-10-24,318.70
5785,97,2025-10-06,501.54
5786,165,2025-09-25,240.68
5787,184,2025-09-16,511.68
5788,1,2025-12-04,492.94
5789,52,2025-07-26,80.01
5790,178,2025-08-27,534.68
5791,113,2025-11-01,476.38
5792,108,2025-10-31,294.41
5793,105,2025-01-06,434.96
5794,117,2025-08-24,233.59
5795,96,2025-03-21,47.35
5796,161,2025-02-13,51.02
5797,151,2025-12-05,85.38
5798,39,2025-01-15,38.90
5799,41,2025-07-29,115.86
5800,130,2025-02-22,400.88
5801,171,2025-02-05,73.28
5802,9,2025-05-10,148.62
5803,161,2025-03-08,251.07
5804,129,2025-08-17,483.32
5805,189,2025-02-07,80.25
5806,102,2025-09-05,114.50
5807,194,2025-08-06,483.61
5808,152,2025-10-19,25.55
5809,56,2025-01-05,547.48
5810,114,2025-05-19,336.70
5811,120,2025-08-22,438.58
5812,27,2025-08-04,461.93
5813,206,2025-06-27,285.88
5814,189,2025-04-22,596.08
5815,67,2025-12-29,139.87
5816,100,2025-08-07,514.84
5817,164,2025-12-09,257.62
5818,162,2025-12-29,127.59
5819,51,2025-06-13,424.64
5820,144,2025-02-13,104.49
5821,57,2025-10-25,527.65
5822,161,2025-12-13,453.28
5823,190,2025-07-04,207.93
5824,146,2025-03-21,22.01
5825,34,2025-01-24,156.28
5826,120,2025-02-08,550.21
5827,138,2025-04-29,144.31
5828,113,2025-04-17,362.60
5829,124,2025-08-07,442.90
5830,92,2025-11-08,288.59
5831,89,2025-05-01,163.73
5832,243,2025-04-28,403.36
5833,25,2025-06-02,142.85
5834,137,2025-08-08,412.00
5835,168,2025-12-05,573.94
5836,185,2025-08-16,165.00
5837,118,2025-11-23,518.80
5838,18,2025-03-04,584.71
5839,6,2025-08-25,221.45
5840,252,2025-04-29,361.80
5841,159,2025-10-30,230.18
5842,66,2025-08-07,423.45
5843,164,2025-11-18,107.85
5844,160,2025-09-04,265.46
5845,162,2025-07-11,469.46
5846,82,2025-12-11,407.90
5847,102,2025-05-27,438.75
5848,27,2025-11-15,499.77
5849,88,2025-06-12,152.19
5850,155,2025-11-29,529.42
5851,163,2025-12-10,157.67
5852,122,2025-06-14,328.71
5853,21,2025-11-01,291.50
5854,254,2025-10-02,511.89
5855,190,2025-07-20,334.60
5856,84,2025-02-12,370.06
5857,186,2025-09-17,360.61
5858,127,2025-06-09,485.39
5859,27,2025-01-05,284.88
5860,102,2025-02-24,479.46
5861,92,2025-05-01,436.72
5862,158,2025-02-22,115.22
5863,241,2025-04-18,130.99
5864,15,2025-03-22,501.55
5865,187,2025-09-10,377.10
5866,148,2025-11-09,272.38
5867,93,2025-08-05,111.36
5868,35,2025-05-23,170.18
5869,119,2025-12-05,265.67
5870,153,2025-05-09,315.90
5871,129,2025-04-22,55.33
5872,102,2025-10-29,405.18
5873,77,2025-11-20,422.50
5874,134,2025-11-04,304.83
5875,83,2025-11-09,92.37
5876,122,2025-04-28,509.98
5877,106,2025-10-15,52.97
5878,194,2025-12-29,241.08
5879,100,2025-05-18,341.69
5880,12,2025-12-06,484.51
5881,176,2025-12-26,77.79
5882,193,2025-09-18,35.56
5883,54,2025-12-09,214.79
5884,180,2025-03-09,539.22
5885,228,2025-08-29,265.15
5886,178,2025-03-01,289.77
5887,100,2025-08-22,494.07
5888,26,2025-02-21,140.38
5889,113,2025-10-21,184.42
5890,88,2025-03-09,37.13
5891,138,2025-02-03,521.89
5892,149,2025-05-05,85.51
5893,247,2025-01-16,330.23
5894,53,2025-09-28,597.38
5895,72,2025-11-28,578.28
5896,190,2025-02-01,485.84
5897,68,2025-05-30,94.91
5898,41,2025-11-15,256.17
5899,25,2025-09-28,156.15
5900,185,2025-09-25,178.30
5901,131,2025-02-07,298.77
5902,96,2025-11-30,98.78
5903,197,2025-03-09,147.58
5904,177,2025-06-10,292.82
5905,55,2025-08-26,331.85
5906,87,2025-12-30,175.59
5907,165,2025-08-24,582.39
5908,104,2025-08-09,488.06
5909,215,2025-03-31,518.82
5910,155,2025-02-22,510.69
5911,25,2025-10-20,226.20
5912,76,2025-02-01,556.38
5913,38,2025-04-09,597.48
5914,53,2025-04-22,212.60
5915,73,2025-08-06,442.00
5916,31,2025-07-23,435.96
5917,142,2025-08-03,119.16
5918,8,2025-05-03,477.05
5919,162,2025-01-02,175.87
5920,106,2025-08-09,160.27
5921,196,2025-02-08,570.47
5922,227,2025-06-01,45.71
5923,186,2025-01-20,115.19
5924,198,2025-06-18,445.89
5925,178,2025-02-15,32.28
5926,164,2025-02-24,457.83
5927,38,2025-12-26,361.48
5928,14,2025-09-20,465.84
5929,161,2025-01-15,467.15
5930,234,2025-11-06,554.53
5931,249,2025-04-06,466.64
5932,160,2025-09-22,241.69
5933,84,2025-03-07,362.61
5934,16,2025-12-23,469.75
5935,35,2025-05-27,310.51
5936,58,2025-01-31,243.98
5937,157,2025-07-08,57.42
5938,37,2025-07-18,340.96
5939,97,2025-04-17,212.14
5940,168,2025-12-17,130.60
5941,141,2025-08-25,591.48
5942,8,2025-10-19,415.79
5943,245,2025-05-11,421.86
5944,116,2025-05-31,560.56
5945,71,2025-09-10,456.62
5946,10,2025-12-18,445.88
5947,184,2025-05-25,559.68
5948,48,2025-05-17,159.83
5949,99,2025-09-25,331.14
5950,74,2025-04-27,561.25
5951,156,2025-04-15,290.06
5952,90,2025-07-23,529.92
5953,144,2025-07-10,543.05
5954,107,2025-09-06,294.76
5955,125,2025-09-17,328.63
5956,14,2025-01-29,456.72
5957,14,2025-11-01,538.49
5958,51,2025-11-02,564.53
5959,144,2025-09-27,183.66
5960,184,2025-06-08,128.86
5961,67,2025-04-26,362.18
5962,157,2025-11-27,31.11
5963,91,2025-02-21,68.03
5964,138,2025-11-12,459.52
5965,187,2025-04-12,230.78
5966,189,2025-03-31,125.52
5967,126,2025-12-01,55.59
5968,190,2025-08-10,247.71
5969,179,2025-06-28,108.03
5970,147,2025-11-08,565.31
5971,42,2025-05-22,545.57
5972,137,2025-12-05,38.79
5973,194,2025-07-10,356.72
5974,222,2025-03-09,460.68
5975,49,2025-04-24,66.79
5976,104,2025-10-02,196.49
5977,122,2025-07-21,229.50
5978,132,2025-04-24,339.50
5979,72,2025-12-28,521.08
5980,90,2025-04-15,535.79
5981,62,2025-04-17,251.32
5982,55,2025-09-09,369.53
5983,5,2025-03-22,168.19
5984,15,2025-01-06,441.90
5985,71,2025-05-24,332.67
5986,48,2025-03-13,278.39
5987,22,2025-04-30,83.09
5988,168,2025-07-19,386.68
5989,197,2025-02-18,401.49
5990,107,2025-06-05,273.35
5991,69,2025-08-18,165.62
5992,164,2025-02-04,66.62
5993,92,2025-08-22,596.95
5994,148,2025-01-18,413.42
5995,64,2025-04-27,210.37
5996,42,2025-06-12,116.53
5997,168,2025-10-02,393.04
5998,74,2025-03-22,454.47
5999,133,2025-12-12,455.53
6000,156,2025-11-09,384.53
6001,45,2025-12-09,510.71
6002,153,2025-12-03,458.41
6003,4,2025-04-29,261.12
6004,46,2025-04-14,510.48
6005,43,2025-09-17,362.13
6006,127,2025-05-21,544.41
6007,31,2025-02-16,572.27
6008,103,2025-06-12,169.18
6009,146,2025-06-19,346.53
6010,45,2025-05-28,313.42
6011,79,2025-08-09,221.72
6012,131,2025-08-24,59.12
6013,124,2025-04-27,392.91
6014,161,2025-12-28,465.14
6015,255,2025-12-31,495.35
6016,99,2025-06-18,92.28
6017,103,2025-02-25,412.75
6018,144,2025-05-08,162.47
6019,75,2025-04-23,31.42
6020,117,2025-02-15,525.38
6021,21,2025-06-08,344.83
6022,133,2025-04-22,41.00
6023,164,2025-07-06,122.28
6024,92,2025-11-11,180.00
6025,24,2025-09-25,509.22
6026,33,2025-02-10,544.98
6027,124,2025-06-20,555.96
6028,14,2025-01-29,317.67
6029,59,2025-07-26,347.23
6030,114,2025-12-13,487.53
6031,148,2025-06-03,194.07
6032,74,2025-06-01,109.78
6033,21,2025-02-17,329.84
6034,171,2025-02-05,353.50
6035,156,2025-08-24,81.40
6036,67,2025-12-02,167.78
6037,220,2025-07-15,71.17
6038,30,2025-06-21,460.79
6039,52,2025-09-01,162.18
6040,47,2025-12-16,181.41
6041,256,2025-05-29,404.58
6042,134,2025-05-03,34.15
6043,66,2025-11-01,25.82
6044,123,2025-03-30,440.92
6045,98,2025-10-16,435.38
6046,32,2025-01-04,345.77
6047,139,2025-04-29,353.75
6048,52,2025-09-01,114.46
6049,42,2025-12-28,596.62
6050,72,2025-07-10,290.69
6051,190,2025-04-20,155.23
6052,41,2025-09-22,111.46
6053,198,2025-07-25,255.24
6054,101,2025-08-17,327.27
6055,109,2025-03-14,310.13
6056,80,2025-09-07,509.85
6057,132,2025-03-19,43.06
6058,32,2025-12-05,19.97
6059,61,2025-07-21,79.31
6060,257,2025-09-26,496.77
6061,46,2025-05-14,112.07
6062,80,2025-06-06,23.65
6063,144,2025-10-17,412.78
6064,114,2025-08-31,337.04
6065,256,2025-02-21,435.46
6066,11,2025-11-22,31.87
6067,171,2025-07-21,195.76
6068,105,2025-07-25,194.48
6069,38,2025-09-16,590.59
6070,191,2025-08-07,84.50
6071,154,2025-09-06,461.23
6072,3,2025-01-15,338.37
6073,59,2025-01-01,126.96
6074,160,2025-07-26,323.09
6075,45,2025-03-21,249.30
6076,14,2025-07-24,324.08
6077,220,2025-06-20,306.79
6078,188,2025-07-14,395.31
6079,95,2025-02-09,29.77
6080,6,2025-03-02,173.46
6081,93,2025-01-28,521.45
6082,155,2025-01-20,206.40
6083,8,2025-01-22,395.81
6084,73,2025-05-09,532.16
6085,43,2025-08-02,571.96
6086,17,2025-07-31,370.59
6087,37,2025-09-26,484.88
6088,143,2025-03-18,590.54
6089,186,2025-05-14,34.25
6090,187,2025-10-07,370.41
6091,80,2025-05-23,480.70
6092,10,2025-12-27,568.18
6093,9,2025-04-18,339.26
6094,160,2025-10-08,115.81
6095,179,2025-10-15,230.47
6096,65,2025-06-16,50.19
6097,23,2025-03-12,192.73
6098,166,2025-03-01,348.24
6099,196,2025-07-26,118.30
6100,196,2025-12-08,505.23
6101,10,2025-09-11,19.15
6102,165,2025-06-04,194.41
6103,46,2025-11-11,152.29
6104,176,2025-01-09,468.11
6105,131,2025-02-13,292.36
6106,147,2025-07-13,478.91
6107,93,2025-05-18,334.57
6108,154,2025-08-10,385.34
6109,252,2025-11-03,465.22
6110,181,2025-03-17,599.49
6111,59,2025-04-23,155.32
6112,37,2025-10-25,309.68
6113,162,2025-03-10,595.30
6114,141,2025-02-01,233.16
6115,31,2025-08-21,404.22
6116,43,2025-03-17,516.94
6117,208,2025-06-26,150.04
6118,109,2025-04-10,447.07
6119,145,2025-08-05,142.31
6120,199,2025-03-03,509.17
6121,181,2025-01-27,345.06
6122,54,2025-04-19,121.68
6123,135,2025-10-09,347.48
6124,99,2025-12-31,325.28
6125,17,2025-06-09,599.91
6126,72,2025-09-09,183.48
6127,24,2025-03-17,241.19
6128,134,2025-04-29,355.98
6129,114,2025-12-20,35.38
6130,134,2025-05-16,309.72
6131,170,2025-02-18,545.01
6132,174,2025-01-15,248.21
6133,12,2025-05-09,62.86
6134,58,2025-09-18,128.41
6135,143,2025-05-14,446.31
6136,156,2025-10-17,183.92
6137,162,2025-03-24,258.29
6138,66,2025-06-26,391.75
6139,32,2025-02-07,107.18
6140,195,2025-12-06,363.41
6141,118,2025-09-10,583.51
6142,111,2025-03-12,281.71
6143,4,2025-04-05,152.27
6144,178,2025-05-04,525.03
6145,45,2025-11-26,476.07
6146,120,2025-08-12,97.31
6147,114,2025-10-26,486.62
6148,57,2025-07-30,89.04
6149,8,2025-11-04,341.51
6150,92,2025-01-11,475.84
6151,144,2025-04-18,468.36
6152,164,2025-05-29,349.01
6153,192,2025-07-06,227.83
6154,58,2025-03-21,358.98
6155,55,2025-05-21,453.82
6156,123,2025-10-16,101.58
6157,199,2025-08-03,298.76
6158,22,2025-02-05,410.86
6159,52,2025-11-22,390.23
6160,106,2025-12-12,207.46
6161,171,2025-11-22,365.13
6162,102,2025-03-09,232.66
6163,125,2025-08-08,366.74
6164,61,2025-01-07,159.73
6165,121,2025-11-29,157.02
6166,168,2025-02-06,478.86
6167,21,2025-09-19,555.42
6168,188,2025-11-03,400.29
6169,88,2025-05-03,519.49
6170,20,2025-12-17,138.35
6171,131,2025-04-04,562.54
6172,165,2025-04-13,142.87
6173,118,2025-12-02,267.80
6174,81,2025-08-30,522.60
6175,141,2025-05-14,32.91
6176,152,2025-06-23,488.65
6177,193,2025-06-01,594.29
6178,177,2025-03-03,122.38
6179,154,2025-11-04,202.42
6180,33,2025-08-01,240.17
6181,183,2025-07-06,255.29
6182,101,2025-06-05,397.78
6183,92,2025-02-28,518.80
6184,127,2025-02-08,349.57
6185,52,2025-05-08,444.39
6186,109,2025-05-09,395.35
6187,181,2025-11-25,351.98
6188,241,2025-04-26,402.46
6189,69,2025-02-16,517.40
6190,146,2025-01-25,497.24
6191,73,2025-09-19,38.67
6192,140,2025-04-28,545.89
6193,178,2025-04-17,285.86
6194,178,2025-09-01,593.89
6195,10,2025-02-19,243.82
6196,103,2025-10-19,416.13
6197,118,2025-07-22,539.01
6198,108,2025-09-02,271.60
6199,215,2025-09-12,555.23
6200,38,2025-05-05,522.86
