Tilausnro;Päivämäärä;Asiakas;Tuote;Määrä;Hinta €;Myyjä
10001;9.2.2025;Pekka Heikkinen;Kengät;2;173,57;Saarinen
10002;2.1.2025;Aino Heikkinen;Pipo;1;52,25;Öhman
10003;26.2.2025;Anni Virtanen;Takki;2;196,51;Saarinen
10004;24.3.2025;Sanna Nieminen;Pipo;2;168,97;Saarinen
10005;29.1.2025;Eero Virtanen;Pipo;5;187,81;Öhman
10006;21.3.2025;Pekka Mäkelä;Kengät;6;52,93;Saarinen
10007;9.3.2025;Ville Mäkinen;Sukat;4;218,60;Saarinen
10008;13.2.2025;Ville Järvinen;Reppu;4;171,25;Saarinen
10009;1.2.2025;Liisa Virtanen;Sukat;6;50,85;Äijälä
10010;17.2.2025;Sanna Saarinen;Sukat;1;242,41;Kärkkäinen
10011;8.3.2025;Anni Laine;Kengät;6;217,64;Saarinen
10012;1.3.2025;Kaisa Saarinen;Pipo;3;9,22;Äijälä
10013;29.3.2025;Anni Mäkinen;Kengät;3;248,31;Saarinen
10014;10.1.2025;Laura Lehtonen;Takki;4;234,83;Äijälä
10015;4.2.2025;Pekka Heikkinen;Takki;2;86,24;Äijälä
10016;12.3.2025;Aino Mäkelä;Pipo;6;210,76;Kärkkäinen
10017;12.3.2025;Mikko Hämäläinen;Takki;1;33,95;Saarinen
10018;26.1.2025;Kaisa Korhonen;Takki;2;84,93;Saarinen
10019;9.1.2025;Aino Heikkinen;Hanskat;6;96,48;Kärkkäinen
10020;19.2.2025;Olli Laine;Pipo;4;189,01;Äijälä
10021;12.2.2025;Maija Korhonen;Takki;3;25,98;Öhman
10022;5.2.2025;Mikko Nieminen;Reppu;5;84,80;Äijälä
10023;28.1.2025;Kaisa Lehtonen;Reppu;2;78,71;Öhman
10024;18.3.2025;Sanna Saarinen;Pipo;3;134,37;Saarinen
10025;7.3.2025;Kaisa Korhonen;Kengät;3;35,41;Äijälä
10026;10.1.2025;Aino Koskinen;Pipo;1;151,07;Äijälä
10027;3.2.2025;Maija Mäkelä;Pipo;4;142,31;Saarinen
10028;13.2.2025;Liisa Koskinen;Reppu;5;162,93;Öhman
10029;23.3.2025;Eero Koskinen;Reppu;4;39,08;Saarinen
10030;15.2.2025;Ville Heikkinen;Reppu;6;103,51;Öhman
10031;28.3.2025;Aino Saarinen;Hanskat;2;84,38;Saarinen
10032;24.2.2025;Olli Saarinen;Sukat;2;93,45;Kärkkäinen
10033;11.1.2025;Laura Hämäläinen;Sukat;2;52,84;Kärkkäinen
10034;24.3.2025;Mikko Laine;Kengät;4;40,72;Saarinen
10035;18.2.2025;Ville Saarinen;Pipo;3;241,66;Saarinen
10036;16.3.2025;Emilia Saarinen;Sukat;1;46,09;Kärkkäinen
10037;4.1.2025;Maija Korhonen;Hanskat;1;209,90;Kärkkäinen
10038;17.2.2025;Liisa Korhonen;Hanskat;4;222,75;Saarinen
10039;12.2.2025;Olli Nieminen;Pipo;3;127,08;Äijälä
10040;11.2.2025;Aino Korhonen;Hanskat;4;77,21;Öhman
10041;21.3.2025;Tuomas Virtanen;Hanskat;4;53,91;Äijälä
10042;26.2.2025;Laura Hämäläinen;Kengät;5;189,74;Saarinen
10043;26.3.2025;Tuomas Korhonen;Takki;2;46,07;Kärkkäinen
10044;9.3.2025;Anni Laine;Pipo;1;221,71;Öhman
10045;13.2.2025;Juha Mäkinen;Hanskat;3;162,85;Äijälä
10046;24.2.2025;Kaisa Hämäläinen;Takki;6;221,03;Öhman
10047;14.2.2025;Aino Hämäläinen;Reppu;5;184,15;Öhman
10048;12.3.2025;Juha Nieminen;Kengät;4;123,76;Saarinen
10049;22.3.2025;Sanna Virtanen;Pipo;3;87,75;Kärkkäinen
10050;3.3.2025;Ville Nieminen;Sukat;2;96,85;Äijälä
10051;7.1.2025;Eero Koskinen;Sukat;1;236,58;Saarinen
10052;13.1.2025;Aino Mäkinen;Reppu;5;188,15;Äijälä
10053;10.3.2025;Aino Hämäläinen;Reppu;6;149,66;Öhman
10054;13.3.2025;Tuomas Hämäläinen;Sukat;4;100,10;Äijälä
10055;25.2.2025;Juha Laine;Sukat;3;27,11;Saarinen
10056;4.2.2025;Aino Mäkelä;Kengät;5;60,48;Saarinen
10057;29.3.2025;Laura Nieminen;Pipo;5;149,27;Saarinen
10058;30.1.2025;Kaisa Mäkinen;Pipo;2;229,62;Saarinen
10059;10.1.2025;Eero Saarinen;Sukat;2;75,51;Äijälä
10060;14.2.2025;Juha Mäkelä;Pipo;2;205,83;Kärkkäinen
10061;11.2.2025;Liisa Heikkinen;Reppu;4;233,20;Saarinen
10062;5.2.2025;Anni Mäkinen;Kengät;6;24,97;Öhman
10063;28.1.2025;Eero Korhonen;Sukat;5;107,39;Öhman
10064;21.3.2025;Ville Järvinen;Reppu;3;160,04;Kärkkäinen
10065;14.3.2025;Pekka Mäkelä;Reppu;6;197,32;Öhman
10066;23.3.2025;Laura Virtanen;Hanskat;2;166,49;Saarinen
10067;19.2.2025;Eero Mäkelä;Takki;1;75,82;Saarinen
10068;20.2.2025;Maija Lehtonen;Sukat;2;98,98;Kärkkäinen
10069;23.3.2025;Maija Virtanen;Takki;3;176,77;Saarinen
10070;30.3.2025;Laura Mäkinen;Sukat;3;238,79;Äijälä
10071;9.1.2025;Olli Laine;Sukat;4;101,00;Äijälä
10072;19.1.2025;Sanna Saarinen;Sukat;1;241,69;Kärkkäinen
10073;5.2.2025;Tuomas Saarinen;Takki;1;108,46;Öhman
10074;4.2.2025;Mikko Nieminen;Reppu;1;213,04;Saarinen
10075;12.3.2025;Laura Järvinen;Sukat;2;63,77;Saarinen
10076;6.2.2025;Juha Hämäläinen;Takki;4;183,73;Öhman
10077;20.1.2025;Eero Saarinen;Reppu;2;66,34;Äijälä
10078;19.2.2025;Liisa Virtanen;Kengät;6;41,70;Äijälä
10079;3.3.2025;Kaisa Hämäläinen;Reppu;3;207,26;Saarinen
10080;10.2.2025;Pekka Mäkinen;Kengät;3;175,12;Kärkkäinen
10081;19.3.2025;Anni Koskinen;Hanskat;3;209,47;Kärkkäinen
10082;19.3.2025;Maija Heikkinen;Sukat;1;42,32;Öhman
10083;7.3.2025;Pekka Järvinen;Sukat;2;132,49;Öhman
10084;29.1.2025;Tuomas Nieminen;Sukat;6;68,08;Kärkkäinen
10085;13.1.2025;Tuomas Nieminen;Sukat;1;97,02;Saarinen
10086;25.1.2025;Liisa Virtanen;Kengät;2;141,59;Kärkkäinen
10087;13.1.2025;Sanna Mäkelä;Kengät;3;150,44;Äijälä
10088;23.2.2025;Mikko Koskinen;Kengät;1;238,80;Äijälä
10089;22.2.2025;Sanna Laine;Sukat;6;238,31;Äijälä
10090;23.2.2025;Laura Hämäläinen;Takki;4;62,29;Äijälä
10091;6.3.2025;Juha Laine;Reppu;6;228,57;Saarinen
10092;8.1.2025;Olli Hämäläinen;Kengät;6;14,48;Öhman
10093;23.1.2025;Sanna Heikkinen;Hanskat;4;227,30;Kärkkäinen
10094;23.1.2025;Olli Virtanen;Kengät;2;57,25;Öhman
10095;31.3.2025;Maija Laine;Takki;4;154,83;Äijälä
10096;29.3.2025;Juha Korhonen;Reppu;6;172,56;Kärkkäinen
10097;16.3.2025;Emilia Koskinen;Hanskat;5;35,66;Äijälä
10098;31.3.2025;Anni Mäkinen;Reppu;6;64,02;Öhman
10099;7.1.2025;Maija Lehtonen;Pipo;2;106,71;Äijälä
10100;13.3.2025;Pekka Mäkelä;Hanskat;1;102,77;Äijälä
10101;3.3.2025;Liisa Hämäläinen;Reppu;4;151,50;Äijälä
10102;17.3.2025;Olli Virtanen;Takki;6;106,04;Äijälä
10103;11.2.2025;Anni Virtanen;Hanskat;2;132,08;Äijälä
10104;18.2.2025;Anni Hämäläinen;Hanskat;3;92,80;Saarinen
10105;27.3.2025;Ville Lehtonen;Takki;1;208,71;Saarinen
10106;8.3.2025;Mikko Nieminen;Sukat;4;191,04;Öhman
10107;28.2.2025;Laura Saarinen;Hanskat;5;143,87;Öhman
10108;5.2.2025;Pekka Korhonen;Kengät;4;161,73;Kärkkäinen
10109;16.3.2025;Pekka Mäkelä;Sukat;2;58,66;Kärkkäinen
10110;6.2.2025;Ville Hämäläinen;Pipo;6;19,07;Saarinen
10111;24.1.2025;Anni Lehtonen;Hanskat;2;96,12;Saarinen
10112;8.3.2025;Olli Laine;Reppu;6;241,48;Kärkkäinen
10113;4.3.2025;Sanna Laine;Kengät;1;209,71;Äijälä
10114;6.2.2025;Kaisa Koskinen;Takki;1;109,10;Kärkkäinen
10115;29.1.2025;Emilia Järvinen;Sukat;6;101,14;Öhman
10116;2.2.2025;Ville Mäkelä;Takki;2;23,90;Kärkkäinen
10117;12.3.2025;Laura Koskinen;Reppu;6;162,19;Äijälä
10118;12.2.2025;Kaisa Laine;Sukat;2;14,08;Äijälä
10119;15.2.2025;Eero Korhonen;Kengät;6;123,31;Äijälä
10120;23.3.2025;Sanna Saarinen;Hanskat;2;107,88;Äijälä
10121;25.1.2025;Kaisa Nieminen;Sukat;6;101,12;Kärkkäinen
10122;14.2.2025;Pekka Mäkinen;Sukat;5;115,47;Äijälä
10123;15.2.2025;Emilia Saarinen;Takki;1;16,37;Äijälä
10124;26.3.2025;Tuomas Hämäläinen;Pipo;4;145,14;Öhman
10125;20.3.2025;Kaisa Koskinen;Takki;3;66,91;Äijälä
10126;20.2.2025;Liisa Lehtonen;Sukat;2;48,60;Öhman
10127;20.2.2025;Kaisa Virtanen;Reppu;6;82,40;Äijälä
10128;24.1.2025;Juha Nieminen;Reppu;5;86,54;Kärkkäinen
10129;6.2.2025;Anni Lehtonen;Reppu;4;64,96;Äijälä
10130;2.1.2025;Aino Koskinen;Reppu;2;203,55;Saarinen
10131;10.1.2025;Mikko Järvinen;Takki;6;226,72;Kärkkäinen
10132;7.1.2025;Mikko Korhonen;Takki;3;91,93;Öhman
10133;3.1.2025;Anni Lehtonen;Pipo;1;220,00;Kärkkäinen
10134;12.3.2025;Sanna Hämäläinen;Kengät;3;70,18;Kärkkäinen
10135;2.2.2025;Pekka Mäkinen;Hanskat;3;48,38;Äijälä
10136;23.3.2025;Olli Hämäläinen;Sukat;2;31,90;Saarinen
10137;5.3.2025;Olli Mäkinen;Kengät;5;27,32;Kärkkäinen
10138;25.1.2025;Laura Heikkinen;Kengät;4;127,49;Kärkkäinen
10139;2.1.2025;Olli Korhonen;Takki;5;216,72;Öhman
10140;4.3.2025;Eero Heikkinen;Pipo;4;121,65;Saarinen
10141;31.3.2025;Eero Mäkelä;Sukat;5;110,32;Saarinen
10142;8.3.2025;Liisa Saarinen;Takki;6;58,18;Öhman
10143;8.1.2025;Pekka Lehtonen;Hanskat;1;193,11;Äijälä
10144;31.1.2025;Liisa Mäkinen;Sukat;4;169,36;Äijälä
10145;22.1.2025;Laura Laine;Takki;3;209,92;Äijälä
10146;22.2.2025;Maija Lehtonen;Kengät;5;168,08;Kärkkäinen
10147;22.1.2025;Liisa Korhonen;Takki;1;240,67;Kärkkäinen
10148;23.1.2025;Kaisa Nieminen;Reppu;4;192,90;Öhman
10149;15.1.2025;Mikko Lehtonen;Pipo;6;144,30;Äijälä
10150;12.1.2025;Maija Laine;Takki;6;87,47;Saarinen
